Book Name,Genre,Category,Author Type,Language,Rating
Atomic Habits,Self-Help,Professional,Foreign,English,Best
The Power of Habit,Self-Help,Professional,Foreign,English,Best
Think and Grow Rich,Self-Help,Adult,Foreign,English,Best
Rich Dad Poor Dad,Self-Help,Adult,Foreign,English,Best
Deep Work,Self-Help,Professional,Foreign,English,Best
The 7 Habits of Highly Effective People,Self-Help,Professional,Foreign,English,Best
How to Win Friends and Influence People,Self-Help,Adult,Foreign,English,Best
The Power of Now,Self-Help,Old Age,Foreign,English,Good
Mindset,Self-Help,Students,Foreign,English,Best
Grit,Self-Help,Students,Foreign,English,Good
The One Thing,Self-Help,Professional,Foreign,English,Best
Essentialism,Self-Help,Professional,Foreign,English,Best
Eat That Frog!,Self-Help,Students,Foreign,English,Good
Awaken the Giant Within,Self-Help,Adult,Foreign,English,Best
Ikigai,Self-Help,Old Age,Foreign,English,Best
The Monk Who Sold His Ferrari,Self-Help,Adult,Foreign,English,Best
You Can Win,Self-Help,Students,Local,English,Best
Ignited Minds,Self-Help,Students,Local,English,Best
India 2020,Self-Help,Students,Local,English,Good
My Journey,Biography,Students,Local,English,Good
Success Blueprint,Self-Help,Students,Local,Tamil,Best
Career Mastery Guide,Self-Help,Professional,Local,English,Good
Life Lessons for Youth,Self-Help,Students,Local,Hindi,Best
Personal Growth Handbook,Self-Help,Adult,Local,Tamil,Good
Leadership Excellence,Self-Help,Professional,Local,English,Best
Student Success Roadmap,Self-Help,Students,Local,English,Best
Inspiring Life Journey,Biography,Adult,Local,Tamil,Good
Visionary Leader,Biography,Professional,Local,English,Best
Journey to Success,Biography,Students,Local,Hindi,Good
Dreams into Reality,Biography,Students,Local,English,Best
Book Name,Genre,Category,Author Type,Language,Rating
Path to Excellence,Self-Help,Students,Local,English,Best
Future Ready,Self-Help,Students,Local,English,Good
Master Your Time,Self-Help,Professional,Local,English,Best
The Success Formula,Self-Help,Adult,Local,English,Good
Beyond Limits,Self-Help,Professional,Local,English,Best
Positive Mindset,Self-Help,Adult,Local,English,Average
Career Compass,Self-Help,Students,Local,English,Best
Winning Habits,Self-Help,Professional,Local,English,Good
Smart Learning,Self-Help,Students,Local,English,Best
The Growth Journey,Self-Help,Adult,Local,English,Good
Student Power,Self-Help,Students,Local,Tamil,Best
Achieve More,Self-Help,Professional,Local,Tamil,Good
Life Skills Today,Self-Help,Adult,Local,Tamil,Best
Focus and Success,Self-Help,Students,Local,Tamil,Good
Personal Leadership,Self-Help,Professional,Local,Tamil,Best
Goal Achievement,Self-Help,Adult,Local,Tamil,Good
Rise Above Challenges,Self-Help,Students,Local,Tamil,Best
The Better You,Self-Help,Adult,Local,Tamil,Average
Pathway to Growth,Self-Help,Professional,Local,Tamil,Good
Unlock Potential,Self-Help,Students,Local,Tamil,Best
Success Mantra,Self-Help,Students,Local,Hindi,Best
Winning Mindset,Self-Help,Adult,Local,Hindi,Good
Career Builder,Self-Help,Professional,Local,Hindi,Best
Daily Motivation,Self-Help,Students,Local,Hindi,Good
Life Transformation,Self-Help,Adult,Local,Hindi,Best
Professional Excellence,Self-Help,Professional,Local,Hindi,Good
Confidence Booster,Self-Help,Students,Local,Hindi,Best
Dream Big,Self-Help,Students,Local,Hindi,Good
Purpose Driven Life,Self-Help,Adult,Local,Hindi,Best
Road to Achievement,Self-Help,Professional,Local,Hindi,Good
Inspiring Leader,Biography,Professional,Local,English,Best
A Life of Service,Biography,Adult,Local,English,Good
Journey of Courage,Biography,Students,Local,English,Best
The Visionary,Biography,Professional,Local,English,Good
Against All Odds,Biography,Adult,Local,English,Best
Dream Chaser,Biography,Students,Local,English,Good
The Great Reformer,Biography,Professional,Local,English,Best
Legacy of Hope,Biography,Adult,Local,English,Good
The People's Hero,Biography,Students,Local,English,Best
Path of Inspiration,Biography,Professional,Local,English,Good
Tamil Achiever,Biography,Students,Local,Tamil,Best
Life of a Leader,Biography,Professional,Local,Tamil,Good
From Village to Success,Biography,Adult,Local,Tamil,Best
The Inspiring Teacher,Biography,Students,Local,Tamil,Good
A Remarkable Journey,Biography,Professional,Local,Tamil,Best
Youth Icon,Biography,Students,Local,Hindi,Best
The Change Maker,Biography,Adult,Local,Hindi,Good
Story of Determination,Biography,Professional,Local,Hindi,Best
From Struggle to Success,Biography,Students,Local,Hindi,Good
The Motivator,Biography,Professional,Local,Hindi,Best
Harry Potter and the Philosopher's Stone,Fiction,Students,Foreign,English,Best
Harry Potter and the Chamber of Secrets,Fiction,Students,Foreign,English,Best
Harry Potter and the Prisoner of Azkaban,Fiction,Students,Foreign,English,Best
The Hobbit,Fiction,Students,Foreign,English,Best
The Lord of the Rings,Fiction,Adult,Foreign,English,Best
The Alchemist,Fiction,Adult,Foreign,English,Best
The Chronicles of Narnia,Fiction,Children,Foreign,English,Best
Alice's Adventures in Wonderland,Fiction,Children,Foreign,English,Good
Treasure Island,Fiction,Children,Foreign,English,Good
The Little Prince,Fiction,Children,Foreign,English,Best
Pride and Prejudice,Fiction,Adult,Foreign,English,Best
Jane Eyre,Fiction,Adult,Foreign,English,Good
Wuthering Heights,Fiction,Adult,Foreign,English,Good
To Kill a Mockingbird,Fiction,Adult,Foreign,English,Best
1984,Fiction,Adult,Foreign,English,Best
Animal Farm,Fiction,Students,Foreign,English,Best
The Catcher in the Rye,Fiction,Students,Foreign,English,Good
The Great Gatsby,Fiction,Adult,Foreign,English,Best
Moby Dick,Fiction,Adult,Foreign,English,Average
Oliver Twist,Fiction,Children,Foreign,English,Good
Ponniyin Selvan,Fiction,Adult,Local,Tamil,Best
Sivagamiyin Sabatham,Fiction,Adult,Local,Tamil,Best
Parthiban Kanavu,Fiction,Students,Local,Tamil,Good
Yavana Rani,Fiction,Adult,Local,Tamil,Good
Kadal Pura,Fiction,Adult,Local,Tamil,Best
Thiyaga Bhoomi,Fiction,Adult,Local,Tamil,Good
Kurinji Malar,Fiction,Students,Local,Tamil,Good
Paalangal,Fiction,Adult,Local,Tamil,Average
Vekkai,Fiction,Adult,Local,Tamil,Best
Oru Puliyamarathin Kathai,Fiction,Adult,Local,Tamil,Good
Godaan,Fiction,Adult,Local,Hindi,Best
Gaban,Fiction,Adult,Local,Hindi,Good
Nirmala,Fiction,Adult,Local,Hindi,Good
Rashmirathi,Fiction,Students,Local,Hindi,Best
Maila Anchal,Fiction,Adult,Local,Hindi,Good
Gunahon Ka Devta,Fiction,Students,Local,Hindi,Best
Chandrakanta,Fiction,Children,Local,Hindi,Good
Raag Darbari,Fiction,Adult,Local,Hindi,Best
Tamas,Fiction,Adult,Local,Hindi,Best
Suraj Ka Satvan Ghoda,Fiction,Students,Local,Hindi,Good
Mystery of the Hidden Cave,Fiction,Children,Local,English,Good
Adventure Beyond Mountains,Fiction,Students,Local,English,Best
The Lost Kingdom,Fiction,Students,Local,English,Good
Dreams of Tomorrow,Fiction,Adult,Local,English,Good
Whispers in the Wind,Fiction,Adult,Local,English,Average
Journey Through Time,Fiction,Students,Local,English,Best
The Secret Forest,Fiction,Children,Local,English,Good
Island of Wonders,Fiction,Children,Local,English,Best
Beyond the Horizon,Fiction,Professional,Local,English,Good
Echoes of Destiny,Fiction,Adult,Local,English,Best
The Forgotten Castle,Fiction,Children,Local,English,Good
Moonlight Adventure,Fiction,Children,Local,English,Best
The Hidden Valley,Fiction,Students,Local,English,Good
Secrets of the Jungle,Fiction,Children,Local,English,Best
The Last Explorer,Fiction,Students,Local,English,Good
Shadow of the Mountain,Fiction,Adult,Local,English,Best
River of Dreams,Fiction,Adult,Local,English,Good
The Crystal Island,Fiction,Students,Local,English,Best
The Golden Feather,Fiction,Children,Local,English,Good
Journey to the Unknown,Fiction,Students,Local,English,Best
Whispering Woods,Fiction,Children,Local,English,Good
The Silver Crown,Fiction,Students,Local,English,Best
The Midnight Voyage,Fiction,Adult,Local,English,Good
Echoes of Eternity,Fiction,Professional,Local,English,Best
The Sapphire Quest,Fiction,Students,Local,English,Good
Beyond the Stars,Fiction,Students,Local,English,Best
The Secret Map,Fiction,Children,Local,English,Good
Kingdom of Legends,Fiction,Adult,Local,English,Best
The Desert Prince,Fiction,Students,Local,English,Good
Path of Courage,Fiction,Students,Local,English,Best
Tamil Veeran,Fiction,Adult,Local,Tamil,Best
Kaatrin Ragasiyam,Fiction,Students,Local,Tamil,Good
Malaiyin Marupakkam,Fiction,Adult,Local,Tamil,Best
Nila Neram,Fiction,Children,Local,Tamil,Good
Kadalin Kural,Fiction,Adult,Local,Tamil,Best
Payanam Oru Kathai,Fiction,Students,Local,Tamil,Good
Marandha Ninaivugal,Fiction,Adult,Local,Tamil,Best
Thedal,Fiction,Professional,Local,Tamil,Good
Vaanavil Kanavugal,Fiction,Children,Local,Tamil,Best
Uyirin Payanam,Fiction,Adult,Local,Tamil,Good
Anbin Alaigal,Fiction,Students,Local,Tamil,Best
Puthu Vazhvu,Fiction,Adult,Local,Tamil,Good
Oliyin Pathai,Fiction,Professional,Local,Tamil,Best
Kanal Neer,Fiction,Adult,Local,Tamil,Good
Siragugal,Fiction,Students,Local,Tamil,Best
Vetriyin Vasal,Fiction,Students,Local,Tamil,Good
Azhagiya Ulagam,Fiction,Children,Local,Tamil,Best
Minnal Payanam,Fiction,Students,Local,Tamil,Good
Uyir Mozhi,Fiction,Adult,Local,Tamil,Best
Kanavu Desam,Fiction,Children,Local,Tamil,Good
Sapno Ka Safar,Fiction,Students,Local,Hindi,Best
Chandni Raat,Fiction,Adult,Local,Hindi,Good
Nayi Duniya,Fiction,Children,Local,Hindi,Best
Ek Nayi Kahani,Fiction,Students,Local,Hindi,Good
Zindagi Ke Rang,Fiction,Adult,Local,Hindi,Best
Aakhri Manzil,Fiction,Professional,Local,Hindi,Good
Anokha Yatra,Fiction,Students,Local,Hindi,Best
Dil Se Dil Tak,Fiction,Adult,Local,Hindi,Good
Khwabon Ka Shehar,Fiction,Students,Local,Hindi,Best
Umeed Ki Kiran,Fiction,Children,Local,Hindi,Good
Nayi Subah,Fiction,Adult,Local,Hindi,Best
Jeevan Ka Safar,Fiction,Professional,Local,Hindi,Good
Rahasya Dweep,Fiction,Students,Local,Hindi,Best
Veer Yodha,Fiction,Children,Local,Hindi,Good
Badalte Mausam,Fiction,Adult,Local,Hindi,Best
Khoj,Fiction,Students,Local,Hindi,Good
Roshan Kal,Fiction,Students,Local,Hindi,Best
Manzil Ki Ore,Fiction,Professional,Local,Hindi,Good
Adbhut Sansar,Fiction,Children,Local,Hindi,Best
Antim Adhyay,Fiction,Adult,Local,Hindi,Good
The Emerald Kingdom,Fiction,Students,Foreign,English,Best
The Dragon's Secret,Fiction,Students,Foreign,English,Best
The Winter Crown,Fiction,Adult,Foreign,English,Good
Forest of Wonders,Fiction,Children,Foreign,English,Best
The Lost Empire,Fiction,Adult,Foreign,English,Best
Mystic River,Fiction,Professional,Foreign,English,Good
The Enchanted Sword,Fiction,Students,Foreign,English,Best
Valley of Shadows,Fiction,Adult,Foreign,English,Good
The Crystal Maze,Fiction,Children,Foreign,English,Best
The Silent Warrior,Fiction,Adult,Foreign,English,Good
The Iron Fortress,Fiction,Professional,Foreign,English,Best
Legends Reborn,Fiction,Students,Foreign,English,Good
The Dark Horizon,Fiction,Adult,Foreign,English,Best
Ocean of Secrets,Fiction,Children,Foreign,English,Good
The Hidden Throne,Fiction,Students,Foreign,English,Best
The Eternal Flame,Fiction,Adult,Foreign,English,Good
The Secret Passage,Fiction,Children,Foreign,English,Best
The Last Kingdom,Fiction,Professional,Foreign,English,Good
The Time Keeper,Fiction,Students,Foreign,English,Best
The Dream Merchant,Fiction,Adult,Foreign,English,Good
City of Miracles,Fiction,Students,Local,English,Best
The Brave Heart,Fiction,Children,Local,English,Good
Echo Valley,Fiction,Adult,Local,English,Best
The Lost Treasure,Fiction,Students,Local,English,Good
The Final Journey,Fiction,Professional,Local,English,Best
Winds of Destiny,Fiction,Adult,Local,English,Good
The Magic Compass,Fiction,Children,Local,English,Best
The Secret Garden Path,Fiction,Students,Local,English,Good
The Golden Road,Fiction,Adult,Local,English,Best
The Rising Star,Fiction,Students,Local,English,Good
Dragon Realm,Fantasy,Students,Foreign,English,Best
The Crystal Dragon,Fantasy,Students,Foreign,English,Best
Kingdom of Fire,Fantasy,Adult,Foreign,English,Good
The Enchanted Forest,Fantasy,Children,Foreign,English,Best
Wizard's Legacy,Fantasy,Students,Foreign,English,Best
The Moonstone Crown,Fantasy,Adult,Foreign,English,Good
Guardians of Magic,Fantasy,Students,Foreign,English,Best
The Silver Phoenix,Fantasy,Children,Foreign,English,Good
Realm of Shadows,Fantasy,Adult,Foreign,English,Best
The Mystic Tower,Fantasy,Students,Foreign,English,Good
The Sapphire Kingdom,Fantasy,Children,Foreign,English,Best
Sword of Destiny,Fantasy,Adult,Foreign,English,Best
The Last Sorcerer,Fantasy,Students,Foreign,English,Good
The Emerald Portal,Fantasy,Children,Foreign,English,Best
Chronicles of Avalon,Fantasy,Adult,Foreign,English,Best
The Forgotten Mage,Fantasy,Students,Foreign,English,Good
The Ice Kingdom,Fantasy,Children,Foreign,English,Best
The Celestial Quest,Fantasy,Adult,Foreign,English,Best
The Magic Scroll,Fantasy,Students,Foreign,English,Good
The Golden Griffin,Fantasy,Children,Foreign,English,Best
Nila Rajyam,Fantasy,Students,Local,Tamil,Best
Mayajaala Ulagam,Fantasy,Children,Local,Tamil,Good
Vaanavil Mandhiram,Fantasy,Students,Local,Tamil,Best
Pudhaiyal Rajyam,Fantasy,Children,Local,Tamil,Good
Arputha Kottai,Fantasy,Adult,Local,Tamil,Best
Mandhira Vaal,Fantasy,Students,Local,Tamil,Good
Iravu Devathai,Fantasy,Children,Local,Tamil,Best
Vetri Veeranum Dragonum,Fantasy,Students,Local,Tamil,Good
Minnal Mandhiram,Fantasy,Adult,Local,Tamil,Best
Maya Theevu,Fantasy,Children,Local,Tamil,Good
Athisaya Paravai,Fantasy,Students,Local,Tamil,Best
Naga Rajyam,Fantasy,Adult,Local,Tamil,Good
Mandhira Payanam,Fantasy,Students,Local,Tamil,Best
Siragugalin Ulagam,Fantasy,Children,Local,Tamil,Good
Oliyin Arasan,Fantasy,Adult,Local,Tamil,Best
Kanavu Kottai,Fantasy,Students,Local,Tamil,Good
Marma Mandhiram,Fantasy,Children,Local,Tamil,Best
Thee Dragonin Rahasiyam,Fantasy,Students,Local,Tamil,Good
Nila Devadhai,Fantasy,Children,Local,Tamil,Best
Azhagiya Mandhira Bhoomi,Fantasy,Adult,Local,Tamil,Good
Jadui Duniya,Fantasy,Children,Local,Hindi,Best
Dragon Ka Rajya,Fantasy,Students,Local,Hindi,Good
Rahasya Mahal,Fantasy,Adult,Local,Hindi,Best
Jadui Talwar,Fantasy,Students,Local,Hindi,Good
Aakhri Jadugar,Fantasy,Adult,Local,Hindi,Best
Pariyon Ka Shehar,Fantasy,Children,Local,Hindi,Good
Nagin Ka Khazana,Fantasy,Students,Local,Hindi,Best
Jadui Jungle,Fantasy,Children,Local,Hindi,Good
Swarn Rajya,Fantasy,Adult,Local,Hindi,Best
Andhera Mahal,Fantasy,Students,Local,Hindi,Good
Chamatkari Yatra,Fantasy,Children,Local,Hindi,Best
Rahasya Dwar,Fantasy,Students,Local,Hindi,Good
Udaan Pari,Fantasy,Children,Local,Hindi,Best
Jadui Pustak,Fantasy,Students,Local,Hindi,Good
Amar Dragon,Fantasy,Adult,Local,Hindi,Best
Khwabon Ka Rajya,Fantasy,Children,Local,Hindi,Good
Sunehri Pari,Fantasy,Students,Local,Hindi,Best
Roshni Ka Mahal,Fantasy,Adult,Local,Hindi,Good
Jadui Sitara,Fantasy,Children,Local,Hindi,Best
Antim Jadugar,Fantasy,Students,Local,Hindi,Good
Forest of Dragons,Fantasy,Students,Foreign,English,Best
Castle Beyond Clouds,Fantasy,Adult,Foreign,English,Good
Mystic Wings,Fantasy,Children,Foreign,English,Best
The Ruby Sorceress,Fantasy,Students,Foreign,English,Good
The Hidden Unicorn,Fantasy,Children,Foreign,English,Best
The Dragon Prince,Fantasy,Adult,Foreign,English,Best
Valley of Wizards,Fantasy,Students,Foreign,English,Good
The Starlight Queen,Fantasy,Children,Foreign,English,Best
The Mystic Compass,Fantasy,Adult,Foreign,English,Good
Legend of the Phoenix King,Fantasy,Students,Foreign,English,Best
The Whispering Castle,Fantasy,Children,Foreign,English,Good
Shadow Dragon Rising,Fantasy,Adult,Foreign,English,Best
The Silver Wand,Fantasy,Students,Foreign,English,Good
The Moonlight Spell,Fantasy,Children,Foreign,English,Best
The Crystal Unicorn,Fantasy,Adult,Foreign,English,Good
The Arcane Crown,Fantasy,Students,Foreign,English,Best
The Lost Spellbook,Fantasy,Children,Foreign,English,Good
The Magic River,Fantasy,Adult,Foreign,English,Best
The Dream Wizard,Fantasy,Students,Foreign,English,Good
The Secret Kingdom,Fantasy,Children,Foreign,English,Best
Sky Riders,Fantasy,Students,Local,English,Best
The Floating City,Fantasy,Adult,Local,English,Good
Mystery of the Seven Dragons,Fantasy,Students,Local,English,Best
The Enchanted Pearl,Fantasy,Children,Local,English,Good
The Golden Wizard,Fantasy,Adult,Local,English,Best
Land of Eternal Magic,Fantasy,Students,Local,English,Good
The Hidden Fairy,Fantasy,Children,Local,English,Best
Quest for the Crystal Heart,Fantasy,Adult,Local,English,Good
The Sapphire Fairy,Fantasy,Students,Local,English,Best
The Magic Crown Jewel,Fantasy,Children,Local,English,Good
Dragon Riders Academy,Fantasy,Students,Local,English,Best
The Secret of Moon Valley,Fantasy,Adult,Local,English,Good
The Lost Kingdom of Light,Fantasy,Students,Local,English,Best
The Guardian Fairy,Fantasy,Children,Local,English,Good
The Ancient Spell,Fantasy,Adult,Local,English,Best
The Wizard's Apprentice,Fantasy,Students,Local,English,Good
The Crystal Palace Mystery,Fantasy,Children,Local,English,Best
The Kingdom Beneath the Sea,Fantasy,Adult,Local,English,Good
The Dragon's Treasure,Fantasy,Students,Local,English,Best
The Star Kingdom,Fantasy,Children,Local,English,Good
Python Programming Fundamentals,Technical,Students,Foreign,English,Best
Advanced Python Development,Technical,Professional,Foreign,English,Best
Java Programming Essentials,Technical,Students,Foreign,English,Best
Mastering Java Applications,Technical,Professional,Foreign,English,Best
C Programming Basics,Technical,Students,Foreign,English,Good
Data Structures and Algorithms,Technical,Students,Foreign,English,Best
Database Management Systems,Technical,Students,Foreign,English,Best
Computer Networks Explained,Technical,Students,Foreign,English,Good
Operating System Concepts,Technical,Students,Foreign,English,Best
Software Engineering Principles,Technical,Professional,Foreign,English,Best
Web Development Handbook,Technical,Students,Foreign,English,Best
Full Stack Development Guide,Technical,Professional,Foreign,English,Best
Introduction to Artificial Intelligence,Technical,Students,Foreign,English,Best
Machine Learning Essentials,Technical,Professional,Foreign,English,Best
Deep Learning Fundamentals,Technical,Professional,Foreign,English,Best
Cloud Computing Basics,Technical,Students,Foreign,English,Good
Cyber Security Fundamentals,Technical,Professional,Foreign,English,Best
Ethical Hacking Guide,Technical,Professional,Foreign,English,Best
Internet of Things Basics,Technical,Students,Foreign,English,Good
Blockchain Technology Explained,Technical,Professional,Foreign,English,Best
React Development Guide,Technical,Students,Foreign,English,Best
Spring Boot in Practice,Technical,Professional,Foreign,English,Best
Mobile App Development,Technical,Students,Foreign,English,Good
Android Programming Handbook,Technical,Students,Foreign,English,Best
iOS Development Essentials,Technical,Professional,Foreign,English,Good
Data Science with Python,Technical,Professional,Foreign,English,Best
Big Data Analytics,Technical,Professional,Foreign,English,Best
Computer Vision Concepts,Technical,Professional,Foreign,English,Good
Natural Language Processing,Technical,Professional,Foreign,English,Best
DevOps Engineering Guide,Technical,Professional,Foreign,English,Best
Python Programming Tamil,Technical,Students,Local,Tamil,Best
Java Programming Tamil,Technical,Students,Local,Tamil,Good
Web Development Tamil,Technical,Students,Local,Tamil,Best
Database Systems Tamil,Technical,Students,Local,Tamil,Good
Computer Networks Tamil,Technical,Students,Local,Tamil,Best
Software Testing Tamil,Technical,Professional,Local,Tamil,Good
AI Basics Tamil,Technical,Students,Local,Tamil,Best
Machine Learning Tamil,Technical,Professional,Local,Tamil,Best
Cyber Security Tamil,Technical,Professional,Local,Tamil,Good
Cloud Computing Tamil,Technical,Students,Local,Tamil,Best
Programming Concepts Hindi,Technical,Students,Local,Hindi,Best
Java Fundamentals Hindi,Technical,Students,Local,Hindi,Good
Python for Beginners Hindi,Technical,Students,Local,Hindi,Best
Database Management Hindi,Technical,Students,Local,Hindi,Good
Computer Networks Hindi,Technical,Students,Local,Hindi,Best
Artificial Intelligence Hindi,Technical,Professional,Local,Hindi,Best
Machine Learning Hindi,Technical,Professional,Local,Hindi,Good
Cloud Technologies Hindi,Technical,Students,Local,Hindi,Best
Cyber Security Hindi,Technical,Professional,Local,Hindi,Good
Software Engineering Hindi,Technical,Students,Local,Hindi,Best
Modern Programming Techniques,Technical,Students,Local,English,Best
Practical Coding Skills,Technical,Students,Local,English,Good
Software Design Patterns,Technical,Professional,Local,English,Best
Introduction to Robotics,Technical,Students,Local,English,Good
Embedded Systems Guide,Technical,Professional,Local,English,Best
Computer Architecture Basics,Technical,Students,Local,English,Good
Digital Electronics Handbook,Technical,Students,Local,English,Best
Network Security Essentials,Technical,Professional,Local,English,Best
Agile Development Methods,Technical,Professional,Local,English,Good
Data Mining Techniques,Technical,Professional,Local,English,Best
Advanced Algorithms,Technical,Professional,Foreign,English,Best
Parallel Computing Concepts,Technical,Professional,Foreign,English,Good
Quantum Computing Basics,Technical,Professional,Foreign,English,Best
Linux Administration Guide,Technical,Professional,Foreign,English,Good
Unix Programming Essentials,Technical,Professional,Foreign,English,Best
Microservices Architecture,Technical,Professional,Foreign,English,Best
Docker and Kubernetes,Technical,Professional,Foreign,English,Best
REST API Development,Technical,Students,Foreign,English,Best
Frontend Engineering Guide,Technical,Students,Foreign,English,Good
Backend Engineering Concepts,Technical,Professional,Foreign,English,Best
Technical Communication Skills,Technical,Students,Local,English,Good
Programming Logic Builder,Technical,Students,Local,English,Best
Coding Interview Preparation,Technical,Students,Local,English,Best
Software Project Management,Technical,Professional,Local,English,Good
Data Visualization Techniques,Technical,Professional,Local,English,Best
Technical Research Methods,Technical,Professional,Local,English,Good
Introduction to AR and VR,Technical,Students,Local,English,Best
Game Development Basics,Technical,Students,Local,English,Good
Computer Graphics Essentials,Technical,Students,Local,English,Best
Technical Writing Guide,Technical,Professional,Local,English,Good
AI Applications in Healthcare,Technical,Professional,Foreign,English,Best
Smart Systems Engineering,Technical,Professional,Foreign,English,Good
Industrial Automation Basics,Technical,Professional,Foreign,English,Best
Wireless Communication Systems,Technical,Students,Foreign,English,Good
Information Retrieval Systems,Technical,Professional,Foreign,English,Best
Human Computer Interaction,Technical,Students,Foreign,English,Good
Knowledge Engineering Concepts,Technical,Professional,Foreign,English,Best
Expert Systems Design,Technical,Professional,Foreign,English,Good
Secure Software Development,Technical,Professional,Foreign,English,Best
Computational Thinking Guide,Technical,Students,Foreign,English,Best
Programming Lab Manual,Technical,Students,Local,Tamil,Good
Data Science Tamil Guide,Technical,Professional,Local,Tamil,Best
Software Engineering Tamil Guide,Technical,Students,Local,Tamil,Good
Cloud Services Tamil Guide,Technical,Professional,Local,Tamil,Best
AI Projects Tamil Guide,Technical,Students,Local,Tamil,Good
Programming Practice Hindi,Technical,Students,Local,Hindi,Best
Data Analytics Hindi Guide,Technical,Professional,Local,Hindi,Good
Software Projects Hindi,Technical,Students,Local,Hindi,Best
Cyber Awareness Hindi,Technical,Professional,Local,Hindi,Good
Cloud Computing Hindi Guide,Technical,Students,Local,Hindi,Best
Technical Innovation Handbook,Technical,Professional,Local,English,Best
Future Technologies Overview,Technical,Professional,Local,English,Good
Smart Computing Systems,Technical,Professional,Local,English,Best
Emerging IT Trends,Technical,Students,Local,English,Good
Technology for Beginners,Technical,Students,Local,English,Best
Clean Architecture,Technical,Professional,Foreign,English,Best
Working Effectively with Legacy Code,Technical,Professional,Foreign,English,Best
Head First Design Patterns,Technical,Students,Foreign,English,Best
Algorithms,Technical,Students,Foreign,English,Best
The Algorithm Design Manual,Technical,Students,Foreign,English,Best
Artificial Intelligence: A Modern Approach,Technical,Professional,Foreign,English,Best
Deep Learning,Technical,Professional,Foreign,English,Best
Pattern Recognition and Machine Learning,Technical,Professional,Foreign,English,Best
Hands-On Machine Learning with Scikit-Learn Keras and TensorFlow,Technical,Professional,Foreign,English,Best
Think Python,Technical,Students,Foreign,English,Best
Python for Data Analysis,Technical,Professional,Foreign,English,Best
Learning SQL,Technical,Students,Foreign,English,Best
SQL Cookbook,Technical,Professional,Foreign,English,Good
High Performance MySQL,Technical,Professional,Foreign,English,Best
The Linux Command Line,Technical,Students,Foreign,English,Best
How Linux Works,Technical,Students,Foreign,English,Best
Computer Systems: A Programmer's Perspective,Technical,Professional,Foreign,English,Best
Compilers: Principles Techniques and Tools,Technical,Professional,Foreign,English,Best
Modern Operating Systems,Technical,Students,Foreign,English,Best
Computer Organization and Design,Technical,Students,Foreign,English,Best
TCP/IP Illustrated Volume 1,Technical,Professional,Foreign,English,Best
Network Warrior,Technical,Professional,Foreign,English,Good
CCNA 200-301 Official Cert Guide,Technical,Students,Foreign,English,Best
Cybersecurity Essentials,Technical,Students,Foreign,English,Good
Hacking: The Art of Exploitation,Technical,Professional,Foreign,English,Best
The Web Application Hacker's Handbook,Technical,Professional,Foreign,English,Best
Kubernetes Up and Running,Technical,Professional,Foreign,English,Best
Docker Deep Dive,Technical,Professional,Foreign,English,Best
Site Reliability Engineering,Technical,Professional,Foreign,English,Best
Designing Data-Intensive Applications,Technical,Professional,Foreign,English,Best
Fundamentals of Software Architecture,Technical,Professional,Foreign,English,Best
Domain-Driven Design,Technical,Professional,Foreign,English,Best
Building Microservices,Technical,Professional,Foreign,English,Best
Spring in Action,Technical,Students,Foreign,English,Best
Pro Spring Boot,Technical,Professional,Foreign,English,Good
React Up and Running,Technical,Students,Foreign,English,Best
Learning React,Technical,Students,Foreign,English,Good
JavaScript: The Good Parts,Technical,Students,Foreign,English,Best
Programming Pearls,Technical,Professional,Foreign,English,Best
Structure and Interpretation of Computer Programs,Technical,Professional,Foreign,English,Best
The Art of Computer Programming,Technical,Professional,Foreign,English,Best
The Mythical Man-Month,Technical,Professional,Foreign,English,Best
Peopleware,Technical,Professional,Foreign,English,Best
Soft Skills: The Software Developer's Life Manual,Technical,Professional,Foreign,English,Good
Head First Python,Technical,Students,Foreign,English,Best
Programming Rust,Technical,Professional,Foreign,English,Best
Rust for Rustaceans,Technical,Professional,Foreign,English,Good
Learning Go,Technical,Students,Foreign,English,Best
Head First C,Technical,Students,Foreign,English,Good
Effective C++,Technical,Professional,Foreign,English,Best
Introduction to Algorithms,Technical,Students,Foreign,English,Best
Data Structures and Algorithms Made Easy,Technical,Students,Foreign,English,Best
Grokking Algorithms,Technical,Students,Foreign,English,Best
Algorithm Design,Technical,Professional,Foreign,English,Best
Clean Code,Technical,Professional,Foreign,English,Best
Code Complete,Technical,Professional,Foreign,English,Best
The Pragmatic Programmer,Technical,Professional,Foreign,English,Best
Refactoring,Technical,Professional,Foreign,English,Best
Design Patterns,Technical,Professional,Foreign,English,Best
Clean Architecture,Technical,Professional,Foreign,English,Best
Head First Java,Technical,Students,Foreign,English,Best
Effective Java,Technical,Professional,Foreign,English,Best
Java: The Complete Reference,Technical,Students,Foreign,English,Best
Core Java Volume I,Technical,Students,Foreign,English,Best
Spring in Action,Technical,Professional,Foreign,English,Best
Python Crash Course,Technical,Students,Foreign,English,Best
Learning Python,Technical,Students,Foreign,English,Best
Fluent Python,Technical,Professional,Foreign,English,Best
Think Python,Technical,Students,Foreign,English,Best
Automate the Boring Stuff with Python,Technical,Students,Foreign,English,Best
Eloquent JavaScript,Technical,Students,Foreign,English,Best
You Don't Know JS Yet,Technical,Students,Foreign,English,Best
Learning React,Technical,Students,Foreign,English,Good
React Up and Running,Technical,Students,Foreign,English,Good
Computer Networks,Technical,Students,Foreign,English,Best
Computer Networking: A Top-Down Approach,Technical,Students,Foreign,English,Best
Data Communications and Networking,Technical,Students,Foreign,English,Best
Operating System Concepts,Technical,Students,Foreign,English,Best
Modern Operating Systems,Technical,Students,Foreign,English,Best
Database System Concepts,Technical,Students,Foreign,English,Best
Fundamentals of Database Systems,Technical,Students,Foreign,English,Best
Learning SQL,Technical,Students,Foreign,English,Good
Artificial Intelligence: A Modern Approach,Technical,Professional,Foreign,English,Best
Machine Learning,Technical,Professional,Foreign,English,Best
Hands-On Machine Learning with Scikit-Learn Keras and TensorFlow,Technical,Professional,Foreign,English,Best
Deep Learning,Technical,Professional,Foreign,English,Best
Pattern Recognition and Machine Learning,Technical,Professional,Foreign,English,Best
Computer Organization and Design,Technical,Students,Foreign,English,Best
Computer Architecture: A Quantitative Approach,Technical,Professional,Foreign,English,Best
Digital Design and Computer Architecture,Technical,Students,Foreign,English,Best
Software Engineering,Technical,Students,Foreign,English,Best
The Mythical Man-Month,Technical,Professional,Foreign,English,Best
Peopleware,Technical,Professional,Foreign,English,Good
Cracking the Coding Interview,Technical,Students,Foreign,English,Best
Programming Pearls,Technical,Professional,Foreign,English,Best
The Linux Command Line,Technical,Students,Foreign,English,Best
How Linux Works,Technical,Students,Foreign,English,Best
Computer Systems: A Programmer's Perspective,Technical,Professional,Foreign,English,Best
Compilers: Principles, Techniques, and Tools,Technical,Professional,Foreign,English,Best
Structure and Interpretation of Computer Programs,Technical,Professional,Foreign,English,Best
Engineering Mechanics,Technical,Students,Foreign,English,Best
Mechanics of Materials,Technical,Students,Foreign,English,Best
Theory of Machines and Mechanisms,Technical,Students,Foreign,English,Best
Machine Design,Technical,Professional,Foreign,English,Best
Shigley's Mechanical Engineering Design,Technical,Professional,Foreign,English,Best
Fundamentals of Thermodynamics,Technical,Students,Foreign,English,Best
Engineering Thermodynamics,Technical,Students,Foreign,English,Best
Heat and Mass Transfer,Technical,Students,Foreign,English,Best
Fluid Mechanics,Technical,Students,Foreign,English,Best
Introduction to Fluid Mechanics,Technical,Students,Foreign,English,Best
Manufacturing Engineering and Technology,Technical,Professional,Foreign,English,Best
Production Technology,Technical,Students,Foreign,English,Good
Strength of Materials,Technical,Students,Foreign,English,Best
Engineering Drawing and Design,Technical,Students,Foreign,English,Good
CAD/CAM Principles and Applications,Technical,Professional,Foreign,English,Best
Structural Analysis,Technical,Students,Foreign,English,Best
Reinforced Concrete Design,Technical,Professional,Foreign,English,Best
Design of Steel Structures,Technical,Professional,Foreign,English,Best
Surveying and Levelling,Technical,Students,Foreign,English,Good
Transportation Engineering and Planning,Technical,Professional,Foreign,English,Best
Geotechnical Engineering,Technical,Students,Foreign,English,Best
Soil Mechanics and Foundations,Technical,Students,Foreign,English,Best
Environmental Engineering,Technical,Students,Foreign,English,Best
Water Supply Engineering,Technical,Students,Foreign,English,Good
Wastewater Engineering,Technical,Professional,Foreign,English,Best
Construction Planning and Management,Technical,Professional,Foreign,English,Best
Electrical Engineering Principles,Technical,Students,Foreign,English,Best
Electrical Machinery Fundamentals,Technical,Students,Foreign,English,Best
Power System Analysis,Technical,Professional,Foreign,English,Best
Power Electronics,Technical,Students,Foreign,English,Best
Electric Circuits,Technical,Students,Foreign,English,Best
Control Systems Engineering,Technical,Students,Foreign,English,Best
Modern Control Engineering,Technical,Professional,Foreign,English,Best
Electrical Power Systems,Technical,Professional,Foreign,English,Best
High Voltage Engineering,Technical,Professional,Foreign,English,Good
Electronic Devices and Circuit Theory,Technical,Students,Foreign,English,Best
Microelectronic Circuits,Technical,Students,Foreign,English,Best
Integrated Electronics,Technical,Students,Foreign,English,Best
Digital Design,Technical,Students,Foreign,English,Best
Digital Logic and Computer Design,Technical,Students,Foreign,English,Best
Communication Systems,Technical,Students,Foreign,English,Best
Electronic Communication Systems,Technical,Students,Foreign,English,Best
Signals and Systems,Technical,Students,Foreign,English,Best
Principles of Communication Engineering,Technical,Students,Foreign,English,Good
VLSI Design,Technical,Professional,Foreign,English,Best
CMOS VLSI Design,Technical,Professional,Foreign,English,Best
Embedded Systems Design,Technical,Professional,Foreign,English,Best
Microprocessor Architecture Programming and Applications,Technical,Students,Foreign,English,Best
Digital Signal Processing,Technical,Students,Foreign,English,Best
DSP First,Technical,Students,Foreign,English,Good
Chemical Engineering Thermodynamics,Technical,Students,Foreign,English,Best
Transport Processes and Separation Process Principles,Technical,Professional,Foreign,English,Best
Unit Operations of Chemical Engineering,Technical,Students,Foreign,English,Best
Introduction to Chemical Engineering Thermodynamics,Technical,Students,Foreign,English,Best
Process Dynamics and Control,Technical,Professional,Foreign,English,Best
Chemical Process Safety,Technical,Professional,Foreign,English,Best
Reaction Engineering,Technical,Students,Foreign,English,Best
Bioprocess Engineering Principles,Technical,Professional,Foreign,English,Good
Food Process Engineering and Technology,Technical,Professional,Foreign,English,Good
Petroleum Refining Engineering,Technical,Professional,Foreign,English,Best
Introduction to Aerospace Engineering,Technical,Students,Foreign,English,Best
Aircraft Structures,Technical,Professional,Foreign,English,Best
Aerodynamics for Engineers,Technical,Students,Foreign,English,Best
Flight Stability and Automatic Control,Technical,Professional,Foreign,English,Best
Rocket Propulsion Elements,Technical,Professional,Foreign,English,Best
Space Mission Engineering,Technical,Professional,Foreign,English,Good
Engineering Economy,Technical,Students,Foreign,English,Best
Operations Management,Technical,Professional,Foreign,English,Best
Supply Chain Management,Technical,Professional,Foreign,English,Best
Industrial Engineering and Management,Technical,Students,Foreign,English,Best
Work Study and Ergonomics,Technical,Students,Foreign,English,Good
Project Management for Engineering,Technical,Professional,Foreign,English,Best
Engineering Geology,Technical,Students,Foreign,English,Good
Remote Sensing and GIS,Technical,Professional,Foreign,English,Best
Renewable Energy Resources,Technical,Students,Foreign,English,Best
Solar Engineering of Thermal Processes,Technical,Professional,Foreign,English,Best
Wind Energy Explained,Technical,Professional,Foreign,English,Good
Introduction to Robotics,Technical,Students,Foreign,English,Best
Robot Modeling and Control,Technical,Professional,Foreign,English,Best
Mechatronics System Design,Technical,Professional,Foreign,English,Best
Sensors and Actuators,Technical,Students,Foreign,English,Good
Biomedical Engineering Principles,Technical,Students,Foreign,English,Best
Medical Instrumentation,Technical,Professional,Foreign,English,Best
Bioinformatics Algorithms,Technical,Professional,Foreign,English,Best
Nanotechnology Fundamentals,Technical,Students,Foreign,English,Good
Materials Science and Engineering,Technical,Students,Foreign,English,Best
Callister's Materials Science and Engineering,Technical,Students,Foreign,English,Best
Engineering Physics,Technical,Students,Foreign,English,Best
Engineering Chemistry,Technical,Students,Foreign,English,Good
Applied Numerical Methods,Technical,Students,Foreign,English,Best
Numerical Methods for Engineers,Technical,Students,Foreign,English,Best
Probability and Statistics for Engineers,Technical,Students,Foreign,English,Best
Engineering Mathematics,Technical,Students,Foreign,English,Best
Advanced Engineering Mathematics,Technical,Students,Foreign,English,Best
Discrete Mathematics and Its Applications,Technical,Students,Foreign,English,Best
Linear Algebra and Its Applications,Technical,Students,Foreign,English,Best
Optimization for Engineering Design,Technical,Professional,Foreign,English,Good
Engineering Ethics,Technical,Students,Foreign,English,Good
Professional Issues in Engineering,Technical,Professional,Foreign,English,Good
The Priory of the Orange Tree,Fantasy,Adult,Foreign,English,Best
A Day of Fallen Night,Fantasy,Adult,Foreign,English,Best
Jonathan Strange & Mr Norrell,Fantasy,Adult,Foreign,English,Best
Piranesi,Fantasy,Adult,Foreign,English,Best
Stardust,Fantasy,Students,Foreign,English,Best
Neverwhere,Fantasy,Adult,Foreign,English,Best
American Gods,Fantasy,Adult,Foreign,English,Best
Coraline,Fantasy,Children,Foreign,English,Best
The Graveyard Book,Fantasy,Children,Foreign,English,Best
Good Omens,Fantasy,Adult,Foreign,English,Best
The Colour of Magic,Fantasy,Adult,Foreign,English,Good
Mort,Fantasy,Students,Foreign,English,Best
Guards! Guards!,Fantasy,Adult,Foreign,English,Best
Small Gods,Fantasy,Adult,Foreign,English,Best
The Last Unicorn,Fantasy,Children,Foreign,English,Best
The Black Cauldron,Fantasy,Children,Foreign,English,Good
The Book of Three,Fantasy,Children,Foreign,English,Good
Sabriel,Fantasy,Students,Foreign,English,Best
Lirael,Fantasy,Students,Foreign,English,Good
Abhorsen,Fantasy,Students,Foreign,English,Good
The Golden Compass,Fantasy,Students,Foreign,English,Best
The Subtle Knife,Fantasy,Students,Foreign,English,Good
The Amber Spyglass,Fantasy,Students,Foreign,English,Best
Inkheart,Fantasy,Students,Foreign,English,Best
Inkspell,Fantasy,Students,Foreign,English,Good
Inkdeath,Fantasy,Students,Foreign,English,Good
The Amulet of Samarkand,Fantasy,Students,Foreign,English,Best
The Golem's Eye,Fantasy,Students,Foreign,English,Good
Ptolemy's Gate,Fantasy,Students,Foreign,English,Best
The Lies of Locke Lamora,Fantasy,Adult,Foreign,English,Best
Red Seas Under Red Skies,Fantasy,Adult,Foreign,English,Good
The Republic of Thieves,Fantasy,Adult,Foreign,English,Good
The Blade Itself,Fantasy,Adult,Foreign,English,Best
Before They Are Hanged,Fantasy,Adult,Foreign,English,Good
Last Argument of Kings,Fantasy,Adult,Foreign,English,Best
Assassin's Apprentice,Fantasy,Adult,Foreign,English,Best
Royal Assassin,Fantasy,Adult,Foreign,English,Good
Assassin's Quest,Fantasy,Adult,Foreign,English,Best
The Farseer Trilogy,Fantasy,Adult,Foreign,English,Best
The Bear and the Nightingale,Fantasy,Adult,Foreign,English,Best
The Girl in the Tower,Fantasy,Adult,Foreign,English,Good
The Winter of the Witch,Fantasy,Adult,Foreign,English,Best
The House in the Cerulean Sea,Fantasy,Adult,Foreign,English,Best
Under the Whispering Door,Fantasy,Adult,Foreign,English,Good
A Wizard of Earthsea,Fantasy,Students,Foreign,English,Best
The Tombs of Atuan,Fantasy,Students,Foreign,English,Good
The Farthest Shore,Fantasy,Students,Foreign,English,Good
Tehanu,Fantasy,Adult,Foreign,English,Best
The Left Hand of Darkness,Fantasy,Adult,Foreign,English,Good
The Forgotten Beasts of Eld,Fantasy,Adult,Foreign,English,Best
Rich Dad Poor Dad,Self-Help,Adult,Foreign,English,Best
The Richest Man in Babylon,Self-Help,Adult,Foreign,English,Best
Think and Grow Rich,Self-Help,Adult,Foreign,English,Best
The Millionaire Next Door,Self-Help,Adult,Foreign,English,Best
Your Money or Your Life,Self-Help,Adult,Foreign,English,Best
The Psychology of Money,Self-Help,Adult,Foreign,English,Best
I Will Teach You to Be Rich,Self-Help,Adult,Foreign,English,Best
The Total Money Makeover,Self-Help,Adult,Foreign,English,Best
The Intelligent Investor,Self-Help,Professional,Foreign,English,Best
Common Stocks and Uncommon Profits,Self-Help,Professional,Foreign,English,Best
One Up On Wall Street,Self-Help,Professional,Foreign,English,Best
The Little Book of Common Sense Investing,Self-Help,Professional,Foreign,English,Best
A Random Walk Down Wall Street,Self-Help,Professional,Foreign,English,Best
The Warren Buffett Way,Self-Help,Professional,Foreign,English,Best
Buffettology,Self-Help,Professional,Foreign,English,Good
The Essays of Warren Buffett,Self-Help,Professional,Foreign,English,Best
The Snowball,Self-Help,Adult,Foreign,English,Best
Money: Master the Game,Self-Help,Adult,Foreign,English,Best
Unshakeable,Self-Help,Adult,Foreign,English,Good
The Simple Path to Wealth,Self-Help,Adult,Foreign,English,Best
The Barefoot Investor,Self-Help,Adult,Foreign,English,Good
Broke Millennial,Self-Help,Students,Foreign,English,Good
Financial Freedom,Self-Help,Adult,Foreign,English,Best
The Automatic Millionaire,Self-Help,Adult,Foreign,English,Good
The Wealthy Barber,Self-Help,Adult,Foreign,English,Good
Smart Women Finish Rich,Self-Help,Adult,Foreign,English,Good
The Latte Factor,Self-Help,Students,Foreign,English,Good
The 4-Hour Workweek,Self-Help,Professional,Foreign,English,Best
The Personal MBA,Self-Help,Professional,Foreign,English,Best
Blue Ocean Strategy,Self-Help,Professional,Foreign,English,Best
The Lean Startup,Self-Help,Professional,Foreign,English,Best
Zero to One,Self-Help,Professional,Foreign,English,Best
Good to Great,Self-Help,Professional,Foreign,English,Best
Built to Last,Self-Help,Professional,Foreign,English,Good
The Hard Thing About Hard Things,Self-Help,Professional,Foreign,English,Best
Principles,Self-Help,Professional,Foreign,English,Best
The Almanack of Naval Ravikant,Self-Help,Adult,Foreign,English,Best
The $100 Startup,Self-Help,Students,Foreign,English,Good
Crushing It!,Self-Help,Professional,Foreign,English,Good
Crush It!,Self-Help,Students,Foreign,English,Good
The Startup of You,Self-Help,Professional,Foreign,English,Good
Start With Why,Self-Help,Professional,Foreign,English,Best
Atomic Habits,Self-Help,Students,Foreign,English,Best
The Power of Habit,Self-Help,Students,Foreign,English,Best
You Can Win,Self-Help,Students,Local,English,Best
India Unbound,Self-Help,Professional,Local,English,Good
Connect the Dots,Self-Help,Students,Local,English,Good
Business Maharajas,Self-Help,Professional,Local,English,Good
Stay Hungry Stay Foolish,Self-Help,Students,Local,English,Best
The Dhandho Investor,Self-Help,Professional,Foreign,English,Best
Thinking, Fast and Slow,Self-Help,Professional,Foreign,English,Best
Man's Search for Meaning,Self-Help,Adult,Foreign,English,Best
Emotional Intelligence,Self-Help,Professional,Foreign,English,Best
The Happiness Hypothesis,Self-Help,Adult,Foreign,English,Best
The Righteous Mind,Self-Help,Professional,Foreign,English,Best
Predictably Irrational,Self-Help,Students,Foreign,English,Best
The Upside of Irrationality,Self-Help,Students,Foreign,English,Good
The Power of Your Subconscious Mind,Self-Help,Adult,Foreign,English,Best
Games People Play,Self-Help,Adult,Foreign,English,Good
The Body Keeps the Score,Self-Help,Professional,Foreign,English,Best
Flow,Self-Help,Professional,Foreign,English,Best
Stumbling on Happiness,Self-Help,Adult,Foreign,English,Good
Quiet: The Power of Introverts in a World That Can't Stop Talking,Self-Help,Students,Foreign,English,Best
Mindset: The New Psychology of Success,Self-Help,Students,Foreign,English,Best
The Gift of Fear,Self-Help,Adult,Foreign,English,Good
The Courage to Be Disliked,Self-Help,Adult,Foreign,English,Best
Daring Greatly,Self-Help,Adult,Foreign,English,Best
Attached,Self-Help,Adult,Foreign,English,Good
Emotional Agility,Self-Help,Professional,Foreign,English,Best
The Chimp Paradox,Self-Help,Students,Foreign,English,Best
Learned Optimism,Self-Help,Students,Foreign,English,Good
Authentic Happiness,Self-Help,Adult,Foreign,English,Good
The Art of Happiness,Self-Help,Adult,Foreign,English,Best
Influencer: The New Science of Leading Change,Self-Help,Professional,Foreign,English,Good
Switch: How to Change Things When Change Is Hard,Self-Help,Professional,Foreign,English,Best
Artificial Intelligence: A Modern Approach,Technical,Professional,Foreign,English,Best
Hands-On Machine Learning with Scikit-Learn Keras and TensorFlow,Technical,Professional,Foreign,English,Best
Pattern Recognition and Machine Learning,Technical,Professional,Foreign,English,Best
Deep Learning,Technical,Professional,Foreign,English,Best
Machine Learning for Absolute Beginners,Technical,Students,Foreign,English,Good
Machine Learning Engineering,Technical,Professional,Foreign,English,Best
Probabilistic Machine Learning: An Introduction,Technical,Professional,Foreign,English,Best
Probabilistic Machine Learning: Advanced Topics,Technical,Professional,Foreign,English,Best
Understanding Machine Learning: From Theory to Algorithms,Technical,Professional,Foreign,English,Best
Introduction to Machine Learning with Python,Technical,Students,Foreign,English,Best
Python Machine Learning,Technical,Professional,Foreign,English,Best
Machine Learning Design Patterns,Technical,Professional,Foreign,English,Best
Data Science from Scratch,Technical,Students,Foreign,English,Best
Practical Statistics for Data Scientists,Technical,Students,Foreign,English,Best
The Hundred-Page Machine Learning Book,Technical,Students,Foreign,English,Best
Grokking Machine Learning,Technical,Students,Foreign,English,Good
AI Superpowers,Technical,Students,Foreign,English,Good
Life 3.0,Technical,Students,Foreign,English,Good
Human Compatible,Technical,Professional,Foreign,English,Best
Reinforcement Learning: An Introduction,Technical,Professional,Foreign,English,Best
Speech and Language Processing,Technical,Professional,Foreign,English,Best
Natural Language Processing with Transformers,Technical,Professional,Foreign,English,Best
Transformers for Natural Language Processing,Technical,Professional,Foreign,English,Best
Computer Vision: Algorithms and Applications,Technical,Professional,Foreign,English,Best
Deep Learning for Computer Vision,Technical,Professional,Foreign,English,Good
Generative Deep Learning,Technical,Professional,Foreign,English,Best
Designing Machine Learning Systems,Technical,Professional,Foreign,English,Best
Build a Large Language Model (From Scratch),Technical,Professional,Foreign,English,Best
Machine Learning with PyTorch and Scikit-Learn,Technical,Professional,Foreign,English,Best
AI Engineering,Technical,Professional,Foreign,English,Best
The Elements of Statistical Learning,Technical,Professional,Foreign,English,Best
Pattern Classification,Technical,Professional,Foreign,English,Best
Machine Learning: A Probabilistic Perspective,Technical,Professional,Foreign,English,Best
Foundations of Machine Learning,Technical,Professional,Foreign,English,Best
Learning from Data,Technical,Students,Foreign,English,Best
Bayesian Reasoning and Machine Learning,Technical,Professional,Foreign,English,Best
Gaussian Processes for Machine Learning,Technical,Professional,Foreign,English,Best
Introduction to Statistical Learning,Technical,Students,Foreign,English,Best
Data Mining: Practical Machine Learning Tools and Techniques,Technical,Professional,Foreign,English,Best
Mining of Massive Datasets,Technical,Professional,Foreign,English,Best
Machine Learning for Hackers,Technical,Students,Foreign,English,Good
Machine Learning in Action,Technical,Students,Foreign,English,Good
Feature Engineering for Machine Learning,Technical,Professional,Foreign,English,Best
Machine Learning Refined,Technical,Professional,Foreign,English,Best
Interpretable Machine Learning,Technical,Professional,Foreign,English,Best
Advanced Analytics with Spark,Technical,Professional,Foreign,English,Good
Mastering Machine Learning with Python in Six Steps,Technical,Students,Foreign,English,Good
Statistical Learning with Sparsity,Technical,Professional,Foreign,English,Best
Applied Predictive Modeling,Technical,Professional,Foreign,English,Best
Hands-On Gradient Boosting with XGBoost and scikit-learn,Technical,Professional,Foreign,English,Good
Storytelling with Data,Technical,Students,Foreign,English,Best
Data Smart,Technical,Students,Foreign,English,Best
Naked Statistics,Technical,Students,Foreign,English,Best
Competing on Analytics,Technical,Professional,Foreign,English,Best
Data Analysis Using SQL and Excel,Technical,Students,Foreign,English,Good
Practical Data Analysis,Technical,Professional,Foreign,English,Best
Fundamentals of Data Visualization,Technical,Students,Foreign,English,Best
Data Analytics Made Accessible,Technical,Students,Foreign,English,Good
Business Analytics,Technical,Professional,Foreign,English,Best
Business Intelligence Guidebook,Technical,Professional,Foreign,English,Good
Analyzing Data with Power BI and Power Pivot for Excel,Technical,Professional,Foreign,English,Best
Data Points,Technical,Students,Foreign,English,Good
Visualize This,Technical,Students,Foreign,English,Good
The Functional Art,Technical,Professional,Foreign,English,Best
Information Dashboard Design,Technical,Professional,Foreign,English,Best
Data Science for Business,Technical,Professional,Foreign,English,Best
The Data Warehouse Toolkit,Technical,Professional,Foreign,English,Best
Python for Data Analysis,Technical,Students,Foreign,English,Best
R for Data Science,Technical,Students,Foreign,English,Best
Practical Business Statistics,Technical,Students,Foreign,English,Good
